name,review_count,actual_positive_rate,ai_sentiment_score,score_difference,absolute_error
7 Days to Die,1000,0.548,0.5314469251781871,-0.016553074821812896,0.016553074821812896
A Dance of Fire and Ice,999,0.9159159159159159,0.8100219094474415,-0.10589400646847447,0.10589400646847447
A Plague Tale: Innocence,999,0.9039039039039038,0.8260487473136839,-0.07785515659021991,0.07785515659021991
A Story About My Uncle,998,0.8557114228456913,0.7601004142653784,-0.0956110085803129,0.0956110085803129
A Way Out,998,0.8537074148296593,0.7781283808691115,-0.07557903396054777,0.07557903396054777
ACE COMBAT 7: SKIES UNKNOWN,1000,0.882,0.768717149567003,-0.11328285043299702,0.11328285043299702
AMID EVIL,998,0.8707414829659319,0.7806097714825647,-0.09013171148336718,0.09013171148336718
ARK: Survival Ascended,1000,0.508,0.43216178526884624,-0.07583821473115376,0.07583821473115376
ARK: Survival Evolved,1000,0.489,0.45798483672033324,-0.031015163279666746,0.031015163279666746
ARK: Survival Of The Fittest,994,0.6519114688128773,0.5637794436751019,-0.0881320251377754,0.0881320251377754
ARMA: Cold War Assault,998,0.8096192384769539,0.6880753339780693,-0.12154390449888464,0.12154390449888464
ARMORED CORE VI FIRES OF RUBICON,999,0.8898898898898899,0.7881636478254189,-0.101726242064471,0.101726242064471
ASTRONEER,1000,0.831,0.7474409361955798,-0.08355906380442013,0.08355906380442013
ATLAS,998,0.42685370741482964,0.3800333844564874,-0.046820322958342264,0.046820322958342264
Age of Empires II (Retired),1000,0.932,0.8278082910368493,-0.10419170896315078,0.10419170896315078
Age of Empires II: Definitive Edition,1000,0.928,0.838435274249256,-0.08956472575074403,0.08956472575074403
Age of Empires IV: Anniversary Edition,998,0.7855711422845691,0.6999828146259807,-0.08558832765858848,0.08558832765858848
Age of History II,999,0.8418418418418419,0.727353090089731,-0.11448875175211082,0.11448875175211082
Age of Mythology: Extended Edition,999,0.9229229229229229,0.823065755681937,-0.09985716724098592,0.09985716724098592
Age of Wonders III,993,0.7542799597180262,0.6846803098109975,-0.06959964990702872,0.06959964990702872
Alan Wake,1000,0.839,0.7294373185752299,-0.1095626814247701,0.1095626814247701
Alan Wake's American Nightmare,999,0.7977977977977978,0.6826788369751129,-0.11511896082268491,0.11511896082268491
Alien: Isolation,998,0.9148296593186372,0.8149649609811608,-0.09986469833747647,0.09986469833747647
Aliens vs. Predator,998,0.8787575150300602,0.7732397561832949,-0.10551775884676529,0.10551775884676529
American Truck Simulator,999,0.9479479479479479,0.8596496751484455,-0.08829827279950242,0.08829827279950242
Amnesia: The Dark Descent,998,0.9188376753507014,0.8144673060879358,-0.10437036926276555,0.10437036926276555
Among Us,994,0.8601609657947686,0.753925400121543,-0.10623556567322567,0.10623556567322567
Arma 2,998,0.7855711422845691,0.6862793359717062,-0.09929180631286294,0.09929180631286294
Arma 2: Operation Arrowhead,997,0.8776328986960883,0.7521530446429803,-0.12547985405310802,0.12547985405310802
Arma 3,1000,0.838,0.7178974821507693,-0.12010251784923065,0.12010251784923065
Aseprite,997,0.9719157472417251,0.8638572979400099,-0.10805844930171526,0.10805844930171526
Assassin's Creed 2,998,0.7875751503006012,0.6773713518589173,-0.11020379844168393,0.11020379844168393
Assassin's Creed Odyssey,999,0.8218218218218218,0.740941612572709,-0.08088020924911288,0.08088020924911288
Assassin's Creed Origins,1000,0.79,0.7157529551370807,-0.07424704486291933,0.07424704486291933
Assassin's Creed Syndicate,999,0.7177177177177178,0.6312447304382975,-0.08647298727942021,0.08647298727942021
Assassin's Creed Unity,997,0.6710130391173521,0.5824116177860469,-0.08860142133130522,0.08860142133130522
Assassin's Creed: Director's Cut Edition,999,0.6786786786786787,0.5288443894413933,-0.14983428923728537,0.14983428923728537
Assassin’s Creed Brotherhood,1000,0.791,0.6822646609835473,-0.10873533901645271,0.10873533901645271
Assassin’s Creed IV Black Flag,998,0.7354709418837675,0.6359137803439154,-0.09955716153985206,0.09955716153985206
Assetto Corsa,997,0.8896690070210632,0.7805103896932913,-0.10915861732777188,0.10915861732777188
Assetto Corsa Competizione,999,0.8958958958958959,0.7854909896876922,-0.11040490620820376,0.11040490620820376
Atomic Heart,1000,0.668,0.595461312508841,-0.07253868749115899,0.07253868749115899
Awesomenauts,998,0.7334669338677354,0.6211993807302553,-0.11226755313748016,0.11226755313748016
BATTLETECH,1000,0.859,0.7857451146573902,-0.07325488534260982,0.07325488534260982
BIGFOOT,1000,0.774,0.6632529516257741,-0.11074704837422589,0.11074704837422589
BONEWORKS,1000,0.904,0.8001451461177556,-0.10385485388224447,0.10385485388224447
Back 4 Blood,998,0.6993987975951904,0.5940000961514708,-0.10539870144371966,0.10539870144371966
Back to Bed,822,0.745742092457421,0.6490265891319177,-0.09671550332550327,0.09671550332550327
Balatro,999,0.9519519519519519,0.8096429594221068,-0.14230899252984508,0.14230899252984508
Baldur's Gate 3,1000,0.918,0.8172431122752633,-0.10075688772473679,0.10075688772473679
Baldur's Gate II: Enhanced Edition,1000,0.903,0.8090059398348642,-0.09399406016513578,0.09399406016513578
Baldur's Gate: Enhanced Edition,1000,0.927,0.8237988597660134,-0.10320114023398663,0.10320114023398663
Banished,1000,0.878,0.8085353438508951,-0.06946465614910491,0.06946465614910491
Barotrauma,998,0.9498997995991983,0.7939325899171948,-0.1559672096820035,0.1559672096820035
Bastion,999,0.9109109109109109,0.846126754947417,-0.06478415596349396,0.06478415596349396
Batman: Arkham Asylum Game of the Year Edition,995,0.9567839195979899,0.8675205868923078,-0.0892633327056821,0.0892633327056821
Batman: Arkham City - Game of the Year Edition,997,0.9648946840521565,0.8745200520111323,-0.09037463204102425,0.09037463204102425
Batman: Arkham Knight,998,0.9438877755511023,0.8555210417052967,-0.08836673384580551,0.08836673384580551
Batman: Arkham Origins,998,0.8977955911823647,0.8120572783088967,-0.085738312873468,0.085738312873468
BattleBit Remastered,1000,0.255,0.2797212995937505,0.024721299593750523,0.024721299593750523
BattleBlock Theater,999,0.9619619619619619,0.8466460143828285,-0.11531594757913344,0.11531594757913344
Battlefield 1,1000,0.708,0.6203999484950202,-0.08760005150497974,0.08760005150497974
Battlefield 2042,1000,0.377,0.32341004346605234,-0.05358995653394766,0.05358995653394766
Battlefield 3,1000,0.629,0.5203212785049472,-0.10867872149505275,0.10867872149505275
Battlefield 4,999,0.6146146146146146,0.5214893009619751,-0.09312531365263954,0.09312531365263954
Battlefield V,1000,0.583,0.5168417301225354,-0.06615826987746454,0.06615826987746454
Bayonetta,997,0.8696088264794383,0.7545706614047435,-0.11503816507469478,0.11503816507469478
BeamNG.drive,1000,0.962,0.8409965072759965,-0.12100349272400346,0.12100349272400346
Beat Saber,1000,0.903,0.8002055615267154,-0.10279443847328462,0.10279443847328462
Beholder,995,0.8180904522613065,0.7040089649939602,-0.11408148726734635,0.11408148726734635
Besiege,999,0.8828828828828829,0.7687280680178624,-0.11415481486502044,0.11415481486502044
BioShock,997,0.8615847542627884,0.7746115220925271,-0.0869732321702612,0.0869732321702612
BioShock 2,999,0.7957957957957958,0.6807859562792039,-0.11500983951659194,0.11500983951659194
BioShock 2 Remastered,999,0.7177177177177178,0.6205380059876896,-0.09717971173002815,0.09717971173002815
BioShock Infinite,999,0.7877877877877878,0.6945698213901816,-0.09321796639760616,0.09321796639760616
BioShock Remastered,998,0.8356713426853707,0.7475051564278695,-0.08816618625750117,0.08816618625750117
Black Desert,999,0.5245245245245245,0.47819281116667123,-0.046331713357853244,0.046331713357853244
Black Mesa,998,0.8937875751503006,0.7809960542572558,-0.11279152089304478,0.11279152089304478
Black Myth: Wukong,997,0.8635907723169508,0.7820042998247685,-0.08158647249218232,0.08158647249218232
Blade and Sorcery,1000,0.936,0.8222024986779772,-0.11379750132202282,0.11379750132202282
Blasphemous,998,0.811623246492986,0.7077529504358362,-0.10387029605714981,0.10387029605714981
Bloodstained: Ritual of the Night,999,0.8168168168168168,0.7235968350347081,-0.09321998178210877,0.09321998178210877
Bloons TD 6,998,0.9348697394789579,0.8180963203949347,-0.11677341908402317,0.11677341908402317
Borderlands 2,1000,0.767,0.6621584798059958,-0.10484152019400417,0.10484152019400417
Borderlands 3,1000,0.691,0.5922390502096813,-0.09876094979031869,0.09876094979031869
Borderlands Game of the Year,998,0.37374749498997994,0.34262726409350075,-0.031120230896479195,0.031120230896479195
Borderlands: The Pre-Sequel,999,0.23023023023023023,0.2337271574346607,0.0034969272044304556,0.0034969272044304556
Braid,1000,0.849,0.7579703405490014,-0.09102965945099861,0.09102965945099861
Braveland,887,0.7508455467869222,0.6554982905877624,-0.09534725619915974,0.09534725619915974
Brick Rigs,1000,0.934,0.8251123102428806,-0.10888768975711949,0.10888768975711949
Bright Memory,994,0.6680080482897385,0.5551277369271809,-0.1128803113625576,0.1128803113625576
Bright Memory: Infinite,997,0.8455366098294884,0.7249597517168368,-0.12057685811265162,0.12057685811265162
Broforce,996,0.9407630522088354,0.8360331754267636,-0.1047298767820718,0.1047298767820718
Brotato,1000,0.928,0.8164979933239772,-0.11150200667602284,0.11150200667602284
Brothers - A Tale of Two Sons,999,0.8828828828828829,0.7960152173556468,-0.08686766552723602,0.08686766552723602
Brutal Legend,997,0.9247743229689067,0.83872915205855,-0.08604517091035668,0.08604517091035668
Bully: Scholarship Edition,997,0.6960882647943831,0.5651663078683331,-0.13092195692605002,0.13092195692605002
CODE VEIN,999,0.7407407407407407,0.6544986351977108,-0.08624210554302991,0.08624210554302991
Call of Duty 2,998,0.8947895791583166,0.7812246882291737,-0.1135648909291429,0.1135648909291429
Call of Duty 4: Modern Warfare (2007),998,0.8887775551102205,0.7696167490253603,-0.11916080608486024,0.11916080608486024
Call of Duty: Black Ops,1988,0.8370221327967807,0.7294326816167502,-0.1075894511800305,0.1075894511800305
Call of Duty: Black Ops II,1994,0.8234704112337011,0.710207603952626,-0.11326280728107507,0.11326280728107507
Call of Duty: Black Ops III,1000,0.858,0.7727538697520245,-0.08524613024797545,0.08524613024797545
Call of Duty: Ghosts,1533,0.8049575994781474,0.6864033432789225,-0.11855425619922488,0.11855425619922488
Call of Duty: Infinite Warfare,1000,0.795,0.6872345335600049,-0.10776546643999518,0.10776546643999518
Call of Duty: Modern Warfare 2 (2009),1995,0.8140350877192982,0.7042947923130292,-0.10974029540626906,0.10974029540626906
Call of Duty: Modern Warfare 3 (2011),1996,0.8527054108216433,0.7389846623857996,-0.11372074843584368,0.11372074843584368
Call of Duty: Modern Warfare II,1000,0.388,0.3900051700588578,0.002005170058857808,0.002005170058857808
Call of Duty: WWII,1000,0.688,0.6332241033137247,-0.05477589668627525,0.05477589668627525
Call of Duty: World at War,1000,0.944,0.8194029595548205,-0.1245970404451795,0.1245970404451795
Call of Juarez: Gunslinger,996,0.9146586345381527,0.8204409837670477,-0.094217650771105,0.094217650771105
Capcom Arcade 2nd Stadium,302,0.5794701986754967,0.4545153287418174,-0.12495486993367927,0.12495486993367927
Capcom Arcade Stadium,994,0.482897384305835,0.41314200493256537,-0.06975537937326964,0.06975537937326964
Car Mechanic Simulator 2018,998,0.8867735470941884,0.7502618256243689,-0.1365117214698195,0.1365117214698195
Car Mechanic Simulator 2021,1000,0.916,0.7967220014678066,-0.11927799853219345,0.11927799853219345
CarX Drift Racing Online,999,0.8948948948948949,0.8029388399486294,-0.09195605494626558,0.09195605494626558
Castle Crashers,998,0.9539078156312625,0.8394805307595604,-0.11442728487170206,0.11442728487170206
Celeste,1000,0.96,0.8472212130586823,-0.11277878694131771,0.11277878694131771
Chained Together,999,0.8628628628628628,0.7474093662731748,-0.11545349658968806,0.11545349658968806
Chivalry 2,999,0.6916916916916916,0.6133042431383454,-0.07838744855334623,0.07838744855334623
Chivalry: Medieval Warfare,994,0.6971830985915493,0.6007772432756956,-0.09640585531585366,0.09640585531585366
Cities: Skylines,1000,0.881,0.7788066826615727,-0.10219331733842729,0.10219331733842729
Cities: Skylines II,1000,0.439,0.3879749805020416,-0.0510250194979584,0.0510250194979584
Clair Obscur: Expedition 33,999,0.963963963963964,0.8733871837931674,-0.09057678017079662,0.09057678017079662
Command & Conquer Remastered Collection,1000,0.891,0.7960851175510665,-0.09491488244893354,0.09491488244893354
Command & Conquer: Red Alert 3,997,0.802407221664995,0.6956056446873831,-0.10680157697761195,0.10680157697761195
Company of Heroes,997,0.9207622868605817,0.8277220737122739,-0.0930402131483078,0.0930402131483078
Company of Heroes - Legacy Edition,997,0.8856569709127382,0.7968873104593238,-0.08876966045341439,0.08876966045341439
Company of Heroes 2,999,0.7307307307307307,0.6340864745945386,-0.0966442561361921,0.0966442561361921
Company of Heroes: Opposing Fronts,432,0.9027777777777778,0.7911445173194542,-0.11163326045832356,0.11163326045832356
Conan Exiles,997,0.7522567703109327,0.6596823712968996,-0.09257439901403319,0.09257439901403319
Content Warning,999,0.8498498498498499,0.7336460528779841,-0.11620379697186578,0.11620379697186578
Control Ultimate Edition,999,0.7617617617617618,0.6732693825063185,-0.08849237925544329,0.08849237925544329
Cookie Clicker,996,0.9437751004016064,0.7733299513409265,-0.17044514906067987,0.17044514906067987
Core Keeper,1000,0.901,0.8245921770033646,-0.0764078229966354,0.0764078229966354
Counter-Strike,994,0.9285714285714286,0.799300552276304,-0.12927087629512457,0.12927087629512457
Counter-Strike: Condition Zero,1925,0.8950649350649351,0.7554517970082207,-0.13961313805671438,0.13961313805671438
Counter-Strike: Source,998,0.93687374749499,0.7741941470810381,-0.1626796004139519,0.1626796004139519
Craftopia,999,0.6466466466466466,0.5462584356441555,-0.10038821100249107,0.10038821100249107
Creativerse,1000,0.376,0.3522797944190611,-0.023720205580938902,0.023720205580938902
Crosshair X,999,0.8668668668668669,0.734912249707918,-0.13195461715894885,0.13195461715894885
Cruelty Squad,999,0.9379379379379379,0.737321276259468,-0.20061666167846992,0.20061666167846992
Crusader Kings III,999,0.7477477477477478,0.6366281679626848,-0.11111957978506293,0.11111957978506293
Crypt of the NecroDancer,995,0.9065326633165829,0.7939757880348575,-0.11255687528172542,0.11255687528172542
Crysis,996,0.6506024096385542,0.5355171247687426,-0.11508528486981162,0.11508528486981162
Crysis 2 - Maximum Edition,999,0.8098098098098098,0.7081807457120224,-0.10162906409778738,0.10162906409778738
Crysis 3 Remastered,960,0.8635416666666667,0.7502396844716476,-0.11330198219501908,0.11330198219501908
Crysis Warhead,999,0.8208208208208209,0.7013560130179335,-0.11946480780288737,0.11946480780288737
Cult of the Lamb,999,0.95995995995996,0.8621269753278371,-0.09783298463212287,0.09783298463212287
Cuphead,998,0.9559118236472945,0.8269390555761452,-0.12897276807114932,0.12897276807114932
CyberCorp,142,0.7676056338028169,0.651924262868481,-0.11568137093433584,0.11568137093433584
Cyberpunk 2077,996,0.9206827309236948,0.8100591361304301,-0.11062359479326467,0.11062359479326467
DARK SOULS II: Scholar of the First Sin,997,0.7853560682046138,0.6564177333768004,-0.12893833482781336,0.12893833482781336
DARK SOULS III,998,0.9338677354709419,0.8005953611219816,-0.13327237434896033,0.13327237434896033
DARK SOULS: REMASTERED,997,0.9087261785356068,0.7739223002554103,-0.13480387828019647,0.13480387828019647
DAVE THE DIVER,998,0.9238476953907816,0.8494053885708631,-0.07444230681991848,0.07444230681991848
DEATH STRANDING DIRECTOR'S CUT,998,0.8997995991983968,0.7703557053363871,-0.12944389386200972,0.12944389386200972
DEVOUR,998,0.7555110220440882,0.692055912451927,-0.06345510959216116,0.06345510959216116
DISTRAINT: Deluxe Edition,998,0.8797595190380761,0.7929556916870777,-0.08680382735099845,0.08680382735099845
DOOM,999,0.93993993993994,0.8382102686779217,-0.10172967126201826,0.10172967126201826
DOOM + DOOM II,998,0.9609218436873748,0.8380173447755308,-0.12290449891184396,0.12290449891184396
DOOM Eternal,1000,0.855,0.7610598129121254,-0.09394018708787455,0.09394018708787455
DRAGON BALL FighterZ,998,0.8657314629258517,0.7251182229084421,-0.1406132400174096,0.1406132400174096
DRAGON BALL XENOVERSE,989,0.7927199191102123,0.6966787410778925,-0.09604117803231982,0.09604117803231982
DRAGON BALL XENOVERSE 2,997,0.7933801404212638,0.6779755074369879,-0.11540463298427595,0.11540463298427595
DRAGON BALL Z: KAKAROT,997,0.8976930792377131,0.8104717047062573,-0.08722137453145584,0.08722137453145584
DRAGON BALL: Sparking! ZERO,999,0.5635635635635635,0.5152436791371895,-0.04831988442637403,0.04831988442637403
DREDGE,1000,0.936,0.8585969246044385,-0.07740307539556157,0.07740307539556157
DUSK,999,0.93993993993994,0.8435062847769995,-0.09643365516294045,0.09643365516294045
DYNASTY WARRIORS 8: Xtreme Legends Complete Edition,999,0.7697697697697697,0.6615222780834593,-0.10824749168631043,0.10824749168631043
Dark Messiah of Might & Magic,999,0.8528528528528528,0.7175894683052682,-0.1352633845475847,0.1352633845475847
Darkest Dungeon,998,0.8587174348697395,0.7170213255803336,-0.1416961092894059,0.1416961092894059
Darksiders,998,0.8136272545090181,0.7165465946134728,-0.09708065989554526,0.09708065989554526
Darksiders II Deathinitive Edition,996,0.7439759036144579,0.6355846851083199,-0.10839121850613798,0.10839121850613798
Darksiders III,996,0.7118473895582329,0.6058827654612176,-0.10596462409701535,0.10596462409701535
Darksiders Warmastered Edition,998,0.8356713426853707,0.7329731456044387,-0.10269819708093197,0.10269819708093197
Day of Defeat,994,0.8953722334004024,0.7672775860394833,-0.12809464736091913,0.12809464736091913
Day of Defeat: Source,996,0.8975903614457831,0.7730611296076823,-0.12452923183810083,0.12452923183810083
Day of Infamy,997,0.7342026078234705,0.6186848087553022,-0.11551779906816828,0.11551779906816828
DayZ,1000,0.825,0.7099593035793031,-0.11504069642069681,0.11504069642069681
Days Gone,997,0.8746238716148446,0.8008630568083833,-0.07376081480646124,0.07376081480646124
Dead Bits,997,0.5275827482447342,0.4861098467957783,-0.04147290144895588,0.04147290144895588
Dead Cells,998,0.9328657314629258,0.8176378310432852,-0.1152279004196406,0.1152279004196406
Dead Island Definitive Edition,998,0.7645290581162325,0.6767292332928215,-0.08779982482341098,0.08779982482341098
Dead Rising 3 Apocalypse Edition,997,0.7362086258776329,0.6437590916351624,-0.09244953424247049,0.09244953424247049
Dead Space (2008),999,0.8908908908908909,0.7763086607190081,-0.11458223017188285,0.11458223017188285
Dead by Daylight,999,0.5185185185185185,0.45874919919804574,-0.05976931932047275,0.05976931932047275
Deadlink,999,0.8578578578578578,0.771936777189908,-0.08592108066794979,0.08592108066794979
Deathmatch Classic,997,0.8054162487462387,0.6646634292609815,-0.1407528194852572,0.1407528194852572
Deep Rock Galactic,999,0.943943943943944,0.8334694138047949,-0.1104745301391491,0.1104745301391491
Demonologist,999,0.7067067067067067,0.6251060351578405,-0.08160067154886619,0.08160067154886619
Deponia: The Complete Journey,996,0.7459839357429718,0.6710678612225882,-0.07491607452038362,0.07491607452038362
Depth,993,0.8429003021148036,0.7071939361104715,-0.13570636600433206,0.13570636600433206
Detroit: Become Human,999,0.955955955955956,0.8550403730964701,-0.10091558285948588,0.10091558285948588
Deus Ex: Game of the Year Edition,998,0.9288577154308617,0.7907821246262211,-0.1380755908046406,0.1380755908046406
Deus Ex: Human Revolution - Director's Cut,998,0.8687374749498998,0.7604437708084945,-0.10829370414140538,0.10829370414140538
Deus Ex: Mankind Divided,997,0.79839518555667,0.675502487472693,-0.12289269808397696,0.12289269808397696
Devil May Cry 5,994,0.9406438631790744,0.819281386493691,-0.12136247668538347,0.12136247668538347
DiRT Rally 2.0,1000,0.873,0.7677384050349645,-0.10526159496503551,0.10526159496503551
Diablo IV,999,0.6266266266266266,0.5566268657702731,-0.06999976085635351,0.06999976085635351
Disco Elysium - The Final Cut,999,0.8648648648648649,0.7401910766696637,-0.12467378819520125,0.12467378819520125
Dishonored,998,0.9569138276553106,0.8802785686806489,-0.07663525897466172,0.07663525897466172
Dishonored 2,1000,0.87,0.7768945360512852,-0.09310546394871477,0.09310546394871477
Divide By Sheep,955,0.8973821989528796,0.7743979397511324,-0.12298425920174727,0.12298425920174727
Divinity: Original Sin - Enhanced Edition,997,0.8134403209628887,0.716224908584426,-0.09721541237846265,0.09721541237846265
Divinity: Original Sin 2 - Definitive Edition,999,0.9029029029029029,0.8079163416992289,-0.09498656120367399,0.09498656120367399
DmC: Devil May Cry,998,0.8547094188376754,0.7099418779775089,-0.14476754086016652,0.14476754086016652
Dome Keeper,999,0.91991991991992,0.8371707433980184,-0.0827491765219015,0.0827491765219015
Don't Starve,999,0.8928928928928929,0.7729340459528375,-0.11995884694005532,0.11995884694005532
Don't Starve Together,998,0.9008016032064128,0.7847606899453771,-0.11604091326103572,0.11604091326103572
Dragon Age: Origins - Ultimate Edition,1000,0.707,0.6145516800194081,-0.09244831998059189,0.09244831998059189
Dragon Age: The Veilguard,1000,0.617,0.5430371233394544,-0.07396287666054557,0.07396287666054557
Dragon's Dogma 2,999,0.5745745745745746,0.4921775147692402,-0.0823970598053344,0.0823970598053344
Dragon's Dogma: Dark Arisen,999,0.7887887887887888,0.692914964233652,-0.09587382455513682,0.09587382455513682
Duck Game,989,0.9646107178968655,0.857617105439473,-0.10699361245739247,0.10699361245739247
Dungeon Defenders,1000,0.902,0.8109895242784656,-0.09101047572153442,0.09101047572153442
Dwarf Fortress,1000,0.874,0.7444709885281847,-0.12952901147181528,0.12952901147181528
Dying Light,999,0.8698698698698699,0.7938085446766693,-0.07606132519320064,0.07606132519320064
Dying Light 2 Stay Human: Reloaded Edition,1000,0.642,0.5564249459286349,-0.08557505407136512,0.08557505407136512
Dyson Sphere Program,1000,0.917,0.8093058074856762,-0.10769419251432388,0.10769419251432388
EA SPORTS FC 24,1000,0.464,0.42261649860670375,-0.041383501393296274,0.041383501393296274
EA SPORTS FC 25,999,0.3843843843843844,0.349392986093699,-0.03499139829068537,0.03499139829068537
EARTH DEFENSE FORCE 4.1 The Shadow of New Despair,1000,0.945,0.7814634479860848,-0.16353655201391515,0.16353655201391515
ELDEN RING,996,0.8945783132530121,0.7858238091836461,-0.10875450406936593,0.10875450406936593
ELDEN RING NIGHTREIGN,997,0.8054162487462387,0.689945335712052,-0.11547091303418677,0.11547091303418677
ENDLESS Legend,996,0.7570281124497992,0.6737191120748497,-0.08330900037494948,0.08330900037494948
ENDLESS Space - Definitive Edition,993,0.702920443101712,0.625906685580782,-0.07701375752092998,0.07701375752092998
ENDLESS Space 2,1000,0.778,0.690126667706029,-0.08787333229397098,0.08787333229397098
Eador. Masters of the Broken World,1000,0.576,0.484489608575198,-0.09151039142480194,0.09151039142480194
Elite Dangerous,1000,0.717,0.6287317468966729,-0.08826825310332709,0.08826825310332709
Enclave,998,0.6743486973947895,0.603604454007927,-0.07074424338686258,0.07074424338686258
Enshrouded,999,0.7817817817817818,0.709203789958582,-0.0725779918231998,0.0725779918231998
Enter the Gungeon,998,0.872745490981964,0.7680096174893182,-0.10473587349264579,0.10473587349264579
Escape the Backrooms,999,0.8448448448448449,0.7508042106550824,-0.0940406341897625,0.0940406341897625
Euro Truck Simulator 2,998,0.9438877755511023,0.8418428299774185,-0.10204494557368371,0.10204494557368371
Europa Universalis IV,999,0.8428428428428428,0.7116499109099672,-0.13119293193287562,0.13119293193287562
FEZ,999,0.8988988988988988,0.7960412102630257,-0.10285768863587319,0.10285768863587319
FINAL FANTASY VII,998,0.8637274549098196,0.7659259380769948,-0.09780151683282479,0.09780151683282479
FINAL FANTASY XIV Online,999,0.5245245245245245,0.48188042070333953,-0.04264410382118494,0.04264410382118494
FINAL FANTASY XV WINDOWS EDITION,999,0.7867867867867868,0.6914026736995165,-0.09538411308727035,0.09538411308727035
FOR HONOR,999,0.5715715715715716,0.49598483016495254,-0.07558674140661903,0.07558674140661903
FTL: Faster Than Light,999,0.8648648648648649,0.7771388911474892,-0.08772597371737567,0.08772597371737567
Factorio,1000,0.977,0.8280392368602324,-0.14896076313976758,0.14896076313976758
Fallout 3: Game of the Year Edition,996,0.8042168674698795,0.6854055667337379,-0.11881130073614166,0.11881130073614166
Fallout 4,997,0.8174523570712137,0.717182162236549,-0.1002701948346647,0.1002701948346647
Fallout 76,999,0.6106106106106106,0.5125949720511913,-0.0980156385594193,0.0980156385594193
Fallout: A Post Nuclear Role Playing Game,999,0.9369369369369369,0.8139802875107706,-0.12295664942616635,0.12295664942616635
Fallout: New Vegas,999,0.9159159159159159,0.7699440470574257,-0.14597186885849023,0.14597186885849023
Far Cry,997,0.708124373119358,0.6052260750508357,-0.10289829806852235,0.10289829806852235
Far Cry 2,998,0.685370741482966,0.5708926993423759,-0.1144780421405901,0.1144780421405901
Far Cry 3,998,0.6523046092184369,0.5502426254472182,-0.10206198377121867,0.10206198377121867
Far Cry 4,998,0.7364729458917836,0.6378555492575453,-0.0986173966342383,0.0986173966342383
Far Cry 5,998,0.7214428857715431,0.6277062731549884,-0.09373661261655475,0.09373661261655475
Far Cry New Dawn,1000,0.651,0.578180463261076,-0.07281953673892405,0.07281953673892405
Farm Together,994,0.8983903420523138,0.8205459468060319,-0.07784439524628195,0.07784439524628195
Farming Simulator 17,999,0.8998998998998999,0.8032491909006871,-0.0966507089992128,0.0966507089992128
Farming Simulator 19,1000,0.922,0.8181256213314826,-0.10387437866851745,0.10387437866851745
Farming Simulator 22,1000,0.895,0.8062438359788983,-0.08875616402110176,0.08875616402110176
Farthest Frontier,999,0.8558558558558559,0.7533235235166209,-0.10253233233923498,0.10253233233923498
Firewatch,999,0.8918918918918919,0.8108488282795817,-0.08104306361231017,0.08104306361231017
Five Nights at Freddy's,988,0.9453441295546559,0.8098347119187171,-0.1355094176359387,0.1355094176359387
Five Nights at Freddy's: Security Breach,998,0.7945891783567134,0.681530946387934,-0.1130582319687794,0.1130582319687794
For The King,999,0.8108108108108109,0.738148096621052,-0.07266271418975889,0.07266271418975889
Fortified,563,0.6625222024866785,0.6060718468194466,-0.05645035566723189,0.05645035566723189
Forza Horizon 5,998,0.7785571142284569,0.6842900047766257,-0.09426710945183114,0.09426710945183114
Frostpunk,1000,0.894,0.799679535042022,-0.09432046495797797,0.09432046495797797
GOD EATER 3,999,0.7717717717717718,0.6533910126183402,-0.1183807591534316,0.1183807591534316
GRIS,1000,0.919,0.8426412456852297,-0.07635875431477035,0.07635875431477035
GTFO,999,0.8038038038038038,0.6715021603346338,-0.13230164346916995,0.13230164346916995
GUILTY GEAR -STRIVE-,998,0.8587174348697395,0.7180594761146718,-0.1406579587550677,0.1406579587550677
Game Dev Tycoon,999,0.8938938938938938,0.7678012300193252,-0.12609266387456863,0.12609266387456863
Gang Beasts,998,0.8887775551102205,0.7971505086352237,-0.09162704647499675,0.09162704647499675
Garry's Mod,998,0.966933867735471,0.8414524059329144,-0.1254814618025566,0.1254814618025566
Generation Zero,999,0.6986986986986987,0.6109262450810629,-0.08777245361763586,0.08777245361763586
Geometry Dash,1000,0.916,0.7848341801463062,-0.1311658198536938,0.1311658198536938
Getting Over It with Bennett Foddy,998,0.8326653306613226,0.6527498492213059,-0.1799154814400168,0.1799154814400168
Ghost of Tsushima DIRECTOR'S CUT,998,0.7905811623246493,0.7323376220109097,-0.05824354031373957,0.05824354031373957
Ghostrunner,999,0.8008008008008008,0.6992940344037707,-0.10150676639703016,0.10150676639703016
Ghostwire: Tokyo,999,0.8128128128128128,0.7157126272013609,-0.09710018561145195,0.09710018561145195
Glass Masquerade,999,0.94994994994995,0.8713049475834225,-0.0786450023665275,0.0786450023665275
Goat Simulator,991,0.9152371342078708,0.8140925601497968,-0.10114457405807398,0.10114457405807398
God of War,999,0.91991991991992,0.8385748575533652,-0.0813450623665547,0.0813450623665547
God of War Ragnarök,999,0.8398398398398398,0.7494535141564023,-0.09038632568343752,0.09038632568343752
Golf With Your Friends,999,0.8068068068068068,0.713913672311035,-0.09289313449577186,0.09289313449577186
Gorilla Tag,1000,0.816,0.6893691516182959,-0.12663084838170402,0.12663084838170402
Gothic 3,1000,0.694,0.5725227121073655,-0.12147728789263446,0.12147728789263446
Granblue Fantasy: Relink,1000,0.848,0.7168824282650809,-0.13111757173491911,0.13111757173491911
Grand Theft Auto IV: The Complete Edition,1000,0.803,0.6977387923908781,-0.10526120760912194,0.10526120760912194
Grand Theft Auto V Enhanced,999,0.6756756756756757,0.5764645622154227,-0.09921111346025291,0.09921111346025291
Graveyard Keeper,1000,0.796,0.7053351752523036,-0.09066482474769644,0.09066482474769644
Gray Zone Warfare,1000,0.721,0.6054636121189794,-0.11553638788102061,0.11553638788102061
Green Hell,999,0.7757757757757757,0.683338323725613,-0.09243745205016274,0.09243745205016274
Grim Dawn,1000,0.918,0.8250700178830604,-0.09292998211693959,0.09292998211693959
Grounded,1000,0.927,0.8298113576647367,-0.09718864233526336,0.09718864233526336
Guacamelee! Super Turbo Championship Edition,997,0.8936810431293881,0.8062162554954018,-0.08746478763398635,0.08746478763398635
Gunfire Reborn,999,0.8998998998998999,0.7955258053988437,-0.10437409450105628,0.10437409450105628
Guns of Icarus Online,993,0.7784491440080564,0.6462417634170301,-0.13220738059102632,0.13220738059102632
HELLDIVERS 2,998,0.6052104208416834,0.5281991640482693,-0.07701125679341414,0.07701125679341414
HELLDIVERS Dive Harder Edition,997,0.8896690070210632,0.7660799571110374,-0.12358904991002584,0.12358904991002584
HITMAN World of Assassination,998,0.8196392785571143,0.7040647444957837,-0.11557453406133056,0.11557453406133056
Hacknet,995,0.928643216080402,0.8110460944000513,-0.11759712168035075,0.11759712168035075
Hades,1000,0.968,0.8674106006730923,-0.10058939932690769,0.10058939932690769
Hades II,999,0.943943943943944,0.8381406923471943,-0.10580325159674964,0.10580325159674964
Half-Life,998,0.9549098196392786,0.8272335409660507,-0.12767627867322784,0.12767627867322784
Half-Life 2,995,0.9688442211055276,0.8541482529736104,-0.11469596813191718,0.11469596813191718
Half-Life 2: Deathmatch,992,0.8840725806451613,0.7225616953272811,-0.16151088531788016,0.16151088531788016
Half-Life 2: Episode One,992,0.9354838709677419,0.7896176559151687,-0.14586621505257313,0.14586621505257313
Half-Life 2: Episode Two,995,0.9557788944723619,0.8122748490512868,-0.1435040454210751,0.1435040454210751
Half-Life 2: Lost Coast,998,0.9028056112224448,0.7230632585131183,-0.1797423527093266,0.1797423527093266
Half-Life Deathmatch: Source,992,0.71875,0.5774356840920917,-0.14131431590790833,0.14131431590790833
Half-Life: Alyx,999,0.963963963963964,0.8621009325368647,-0.1018630314270993,0.1018630314270993
Half-Life: Blue Shift,994,0.937625754527163,0.8134835698757921,-0.12414218465137095,0.12414218465137095
Half-Life: Opposing Force,998,0.9278557114228457,0.7975006137762816,-0.13035509764656417,0.13035509764656417
Half-Life: Source,998,0.5370741482965932,0.47280539084438955,-0.06426875745220362,0.06426875745220362
Halo: The Master Chief Collection,999,0.7647647647647647,0.6754149797483271,-0.08934978501643764,0.08934978501643764
Hearts of Iron IV,999,0.8578578578578578,0.7143965315882725,-0.1434613262695853,0.1434613262695853
Hell Let Loose,999,0.6466466466466466,0.5804838862803238,-0.06616276036632285,0.06616276036632285
Hellblade: Senua's Sacrifice,1000,0.827,0.7477400583831983,-0.07925994161680161,0.07925994161680161
Hero Siege,1000,0.45,0.4214832598888472,-0.028516740111152794,0.028516740111152794
Heroes of Might & Magic III - HD Edition,1000,0.763,0.6895650089215378,-0.07343499107846219,0.07343499107846219
Hitman 2: Silent Assassin,999,0.7347347347347347,0.6158909966842988,-0.11884373805043591,0.11884373805043591
Hitman: Absolution,996,0.8744979919678715,0.7705954523467724,-0.10390253962109908,0.10390253962109908
Hitman: Blood Money,994,0.9154929577464789,0.7998976628643716,-0.11559529488210729,0.11559529488210729
Hogwarts Legacy,998,0.8166332665330661,0.7377817830251886,-0.07885148350787752,0.07885148350787752
Hollow Knight,998,0.9278557114228457,0.805550506132985,-0.12230520528986077,0.12230520528986077
Homefront,998,0.5821643286573146,0.5079962234787972,-0.07416810517851735,0.07416810517851735
Horizon Zero Dawn Complete Edition,1000,0.847,0.7739969027981032,-0.0730030972018968,0.0730030972018968
Hotline Miami,999,0.9269269269269269,0.8145795439075655,-0.11234738301936142,0.11234738301936142
Hotline Miami 2: Wrong Number,997,0.9097291875626881,0.7739417324468191,-0.13578745511586898,0.13578745511586898
House Flipper,999,0.8928928928928929,0.794007530747089,-0.0988853621458039,0.0988853621458039
How to Survive,996,0.6997991967871486,0.6228664940008423,-0.07693270278630637,0.07693270278630637
Human Fall Flat,997,0.9017051153460381,0.7915345197944336,-0.11017059555160458,0.11017059555160458
Hunt: Showdown 1896,999,0.6506506506506506,0.5778047733838005,-0.0728458772668501,0.0728458772668501
INSIDE,1000,0.961,0.8697089681999729,-0.09129103180002707,0.09129103180002707
Inscryption,1000,0.946,0.8429556598068332,-0.10304434019316677,0.10304434019316677
Inside the Backrooms,998,0.5200400801603207,0.4758515102731481,-0.04418856988717257,0.04418856988717257
Insurgency,994,0.8229376257545271,0.7088551805551654,-0.11408244519936173,0.11408244519936173
Insurgency: Sandstorm,999,0.7387387387387387,0.6554651085680887,-0.08327363017065004,0.08327363017065004
It Takes Two,999,0.9369369369369369,0.8606474539147847,-0.07628948302215222,0.07628948302215222
Jack Orlando: Director's Cut,172,0.5232558139534884,0.4693025970606457,-0.053953216892842715,0.053953216892842715
Jotun: Valhalla Edition,997,0.6629889669007021,0.6086009869061046,-0.054387979994597435,0.054387979994597435
Jurassic World Evolution,998,0.8817635270541082,0.7870304366468831,-0.0947330904072251,0.0947330904072251
Just Cause,998,0.5711422845691383,0.49571030488241097,-0.07543197968672732,0.07543197968672732
Just Cause 2,998,0.811623246492986,0.6939128701259403,-0.11771037636704573,0.11771037636704573
Just Cause 3,1000,0.895,0.782692155847283,-0.112307844152717,0.112307844152717
KINGDOM HEARTS -HD 1.5+2.5 ReMIX-,998,0.8587174348697395,0.7560341551876172,-0.10268327968212232,0.10268327968212232
Katana ZERO,1000,0.971,0.8706144956996744,-0.10038550430032556,0.10038550430032556
Kathy Rain,995,0.9015075376884422,0.8194771642452581,-0.08203037344318409,0.08203037344318409
Keep Talking and Nobody Explodes,999,0.95995995995996,0.8297757334223671,-0.13018422653759287,0.13018422653759287
Kenshi,1000,0.933,0.7975531712717072,-0.13544682872829283,0.13544682872829283
Kerbal Space Program,1000,0.925,0.7864024959329085,-0.1385975040670916,0.1385975040670916
Kholat,992,0.5786290322580645,0.5135470844750817,-0.06508194778298282,0.06508194778298282
Killer is Dead - Nightmare Edition,997,0.6509528585757272,0.5457927842883765,-0.10516007428735064,0.10516007428735064
Killing Floor,996,0.8945783132530121,0.7726500119899675,-0.12192830126304455,0.12192830126304455
Killing Floor 2,998,0.8416833667334669,0.7314150042096502,-0.11026836252381667,0.11026836252381667
Kingdom Come: Deliverance,994,0.7806841046277666,0.6891969991894368,-0.09148710543832983,0.09148710543832983
Kingdom Come: Deliverance II,998,0.8797595190380761,0.7864021171489641,-0.09335740188911201,0.09335740188911201
Kingdom Two Crowns,997,0.8335005015045135,0.7591374180960668,-0.07436308340844666,0.07436308340844666
Kingdoms and Castles,1000,0.947,0.8628401104803465,-0.08415988951965347,0.08415988951965347
Knights and Merchants,998,0.7745490981963928,0.6888855888894995,-0.08566350930689337,0.08566350930689337
L.A. Noire,999,0.7987987987987988,0.6976868847118213,-0.1011119140869775,0.1011119140869775
LEGO Marvel Super Heroes,999,0.9309309309309309,0.8339890961737652,-0.09694183475716578,0.09694183475716578
LEGO Star Wars: The Skywalker Saga,995,0.721608040201005,0.6477777104927248,-0.07383032970828018,0.07383032970828018
LIMBO,999,0.8688688688688688,0.7791458261733804,-0.08972304269548848,0.08972304269548848
Last Epoch,1000,0.611,0.5542872473644269,-0.05671275263557307,0.05671275263557307
Layers of Fear (2016),995,0.7447236180904523,0.6846384888906849,-0.060085129199767384,0.060085129199767384
Left 4 Dead,998,0.9418837675350702,0.8291209538368669,-0.11276281369820329,0.11276281369820329
Left 4 Dead 2,1000,0.952,0.833572505908008,-0.11842749409199194,0.11842749409199194
Lethal Company,998,0.9018036072144289,0.785252068560759,-0.11655153865366985,0.11655153865366985
Liar's Bar,999,0.7297297297297297,0.6355324352331431,-0.09419729449658665,0.09419729449658665
Life is Strange 2,999,0.8878878878878879,0.8138853801312714,-0.07400250775661643,0.07400250775661643
Life is Strange: Before the Storm,999,0.9109109109109109,0.8142665099404343,-0.09664440097047666,0.09664440097047666
Little Nightmares,1000,0.931,0.8347048839684545,-0.0962951160315455,0.0962951160315455
Lobotomy Corporation | Monster Management Simulation,1000,0.96,0.7387627778700344,-0.22123722212996555,0.22123722212996555
Loop Hero,999,0.8188188188188188,0.7190028597295467,-0.0998159590892721,0.0998159590892721
Lossless Scaling,999,0.913913913913914,0.6870089479422947,-0.22690496597161924,0.22690496597161924
Lost Castle / 失落城堡,999,0.7177177177177178,0.6560351396743591,-0.06168257804335864,0.06168257804335864
Love Is All Around,919,0.9053318824809575,0.7715767738442728,-0.13375510863668472,0.13375510863668472
METAL GEAR RISING: REVENGEANCE,998,0.9468937875751503,0.8015625170869091,-0.14533127048824124,0.14533127048824124
METAL GEAR SOLID V: GROUND ZEROES,996,0.8604417670682731,0.716221259278943,-0.14422050778933015,0.14422050778933015
METAL GEAR SOLID V: THE PHANTOM PAIN,995,0.9095477386934674,0.7730199170833583,-0.13652782161010912,0.13652782161010912
MONSTER HUNTER RISE,999,0.8718718718718719,0.7450968504651918,-0.12677502140668007,0.12677502140668007
MORDHAU,998,0.6402805611222445,0.5610476898682711,-0.07923287125397338,0.07923287125397338
Mad Max,1000,0.896,0.7907974546130154,-0.10520254538698459,0.10520254538698459
Mafia,994,0.7857142857142857,0.6807066607785939,-0.10500762493569182,0.10500762493569182
Mafia II (Classic),997,0.7883650952858575,0.6698405684039713,-0.1185245268818862,0.1185245268818862
Mafia II: Definitive Edition,999,0.6946946946946947,0.5918004690976277,-0.10289422559706696,0.10289422559706696
Mafia III: Definitive Edition,999,0.4934934934934935,0.42951154358499405,-0.06398194990849942,0.06398194990849942
Mafia: Definitive Edition,999,0.8038038038038038,0.7149343719630901,-0.08886943184071372,0.08886943184071372
Magicka,1000,0.446,0.4087154494806864,-0.03728455051931362,0.03728455051931362
Magicka 2,995,0.742713567839196,0.6561286030290884,-0.08658496481010758,0.08658496481010758
Manor Lords,1000,0.606,0.5518799501742381,-0.05412004982576191,0.05412004982576191
Mark of the Ninja,998,0.906813627254509,0.8399315745767097,-0.06688205267779923,0.06688205267779923
Marvel's Midnight Suns,999,0.8098098098098098,0.7197092496014926,-0.09010056020831714,0.09010056020831714
Marvel’s Spider-Man Remastered,1000,0.945,0.8728314871359969,-0.07216851286400305,0.07216851286400305
Mass Effect (2007),1000,0.866,0.754065337886071,-0.111934662113929,0.111934662113929
Mass Effect Legendary Edition,999,0.8908908908908909,0.807981616216095,-0.08290927467479592,0.08290927467479592
Max Payne 3,999,0.8538538538538538,0.74505151883798,-0.10880233501587377,0.10880233501587377
Medal of Honor,1023,0.7673509286412512,0.6621577041935446,-0.10519322444770662,0.10519322444770662
Medieval Dynasty,1000,0.815,0.7352987661315564,-0.07970123386844352,0.07970123386844352
Metal: Hellsinger,999,0.918918918918919,0.8212543359224427,-0.09766458299647629,0.09766458299647629
Metro 2033 Redux,996,0.8975903614457831,0.7959112705868423,-0.10167909085894078,0.10167909085894078
Metro Exodus,998,0.8577154308617234,0.7664971787071831,-0.09121825215454027,0.09121825215454027
Metro: Last Light Redux,999,0.9019019019019019,0.8174339801215362,-0.08446792178036566,0.08446792178036566
MiSide,1000,0.962,0.8616992784827808,-0.10030072151721914,0.10030072151721914
Microsoft Flight Simulator (2020) 40th Anniversary Edition,997,0.59679037111334,0.5260150778006175,-0.07077529331272248,0.07077529331272248
Microsoft Flight Simulator X: Steam Edition,999,0.8128128128128128,0.7021000786179522,-0.11071273419486061,0.11071273419486061
Middle-earth: Shadow of Mordor,999,0.8988988988988988,0.8051246651606513,-0.09377423373824756,0.09377423373824756
Middle-earth: Shadow of War,998,0.8557114228456913,0.753354617698863,-0.10235680514682832,0.10235680514682832
Mirror's Edge,999,0.8318318318318318,0.7018133079044405,-0.13001852392739133,0.13001852392739133
Monaco: What's Yours Is Mine,997,0.8736208625877633,0.7914304347416565,-0.08219042784610675,0.08219042784610675
Monster Hunter Stories 2: Wings of Ruin,1000,0.851,0.7630387934157177,-0.0879612065842823,0.0879612065842823
Monster Hunter Wilds,999,0.44044044044044045,0.3990850876414037,-0.04135535279903674,0.04135535279903674
Monster Hunter: World,995,0.8793969849246231,0.7632567735723337,-0.11614021135228947,0.11614021135228947
Moonlighter,998,0.7124248496993988,0.6191736526595873,-0.09325119703981144,0.09325119703981144
Mortal Kombat X,996,0.9046184738955824,0.7782977371278837,-0.12632073676769862,0.12632073676769862
Mortal Kombat 11,995,0.735678391959799,0.6388055745756781,-0.0968728173841209,0.0968728173841209
Mount & Blade II: Bannerlord,1000,0.755,0.6645096289362021,-0.09049037106379787,0.09049037106379787
Mount & Blade: Warband,998,0.9569138276553106,0.8421269059562794,-0.11478692169903126,0.11478692169903126
Move or Die,991,0.781029263370333,0.6770348938947042,-0.10399436947562879,0.10399436947562879
MudRunner,998,0.8867735470941884,0.7677892180737289,-0.11898432902045952,0.11898432902045952
Murderous Pursuits,686,0.5276967930029155,0.4540559499546654,-0.07364084304825008,0.07364084304825008
NARUTO SHIPPUDEN: Ultimate Ninja STORM 4,993,0.8831822759315207,0.7683165374436561,-0.11486573848786452,0.11486573848786452
NARUTO TO BORUTO: SHINOBI STRIKER,998,0.6482965931863728,0.5550526452074602,-0.09324394797891256,0.09324394797891256
Natural Selection 2,998,0.7655310621242485,0.6746473208737959,-0.09088374125045262,0.09088374125045262
Need for Speed Heat,1000,0.749,0.659097122572398,-0.08990287742760195,0.08990287742760195
Need for Speed Payback,998,0.7575150300601202,0.6585717117487041,-0.09894331831141612,0.09894331831141612
Neon Abyss,997,0.8044132397191575,0.7234230435629397,-0.08099019615621772,0.08099019615621772
New World: Aeternum,1000,0.583,0.5225145618275322,-0.060485438172467765,0.060485438172467765
NieR:Automata,993,0.8721047331319235,0.7709869205916027,-0.10111781254032082,0.10111781254032082
Nioh: Complete Edition,997,0.7612838515546639,0.652616272161155,-0.1086675793935089,0.1086675793935089
No Man's Sky,999,0.8488488488488488,0.7088364380697711,-0.14001241077907767,0.14001241077907767
No Rest for the Wicked,1000,0.815,0.7015860369399212,-0.11341396306007878,0.11341396306007878
Noita,999,0.918918918918919,0.7653592141266204,-0.15355970479229852,0.15355970479229852
Northgard,1000,0.634,0.5724252110675808,-0.06157478893241919,0.06157478893241919
Not For Broadcast,1000,0.903,0.7937429876538836,-0.1092570123461164,0.1092570123461164
OMORI,998,0.9599198396793587,0.8470331757503602,-0.11288666392899849,0.11288666392899849
ONE PIECE: PIRATE WARRIORS 4,976,0.8934426229508197,0.7912403597607205,-0.10220226319009917,0.10220226319009917
OUTRIDERS,1000,0.73,0.6347282582506513,-0.09527174174934872,0.09527174174934872
Orcs Must Die!,999,0.91991991991992,0.8359165395331701,-0.08400338038674982,0.08400338038674982
Orcs Must Die! 2,998,0.7695390781563126,0.6866054879060474,-0.08293359025026525,0.08293359025026525
Orcs Must Die! 3,999,0.8038038038038038,0.7123382138458386,-0.09146558995796517,0.09146558995796517
Ori and the Blind Forest: Definitive Edition,998,0.8887775551102205,0.8165078022422402,-0.07226975286798032,0.07226975286798032
Ori and the Will of the Wisps,996,0.928714859437751,0.8589478472071655,-0.06976701223058546,0.06976701223058546
Orwell: Keeping an Eye On You,995,0.8502512562814071,0.7324533678509524,-0.11779788843045469,0.11779788843045469
Outer Wilds,998,0.9278557114228457,0.8191481702125019,-0.10870754121034387,0.10870754121034387
Outlast,995,0.9547738693467337,0.8293166634416085,-0.1254572059051252,0.1254572059051252
Outlast 2,997,0.8184553660982948,0.696498998790607,-0.12195636730768789,0.12195636730768789
Outward Definitive Edition,1000,0.669,0.5880437137149486,-0.08095628628505147,0.08095628628505147
Overcooked,997,0.8615847542627884,0.7794568927667237,-0.08212786149606466,0.08212786149606466
Overcooked! 2,997,0.8996990972918756,0.7982411066764391,-0.10145799061543648,0.10145799061543648
Oxygen Not Included,998,0.9228456913827655,0.803979244472257,-0.11886644691050852,0.11886644691050852
PAYDAY 2,998,0.9028056112224448,0.7536239051601843,-0.14918170606226056,0.14918170606226056
PAYDAY 3,1000,0.591,0.495032453661638,-0.09596754633836196,0.09596754633836196
PAYDAY The Heist,994,0.9295774647887324,0.7582657575969104,-0.17131170719182198,0.17131170719182198
PC Building Simulator,1000,0.885,0.7511753801312485,-0.1338246198687515,0.1338246198687515
POSTAL,995,0.9316582914572864,0.7690273529766858,-0.16263093848060062,0.16263093848060062
POSTAL 2,998,0.966933867735471,0.8049773658179955,-0.16195650191747546,0.16195650191747546
Pacify,998,0.7775551102204409,0.6862840988174793,-0.09127101140296157,0.09127101140296157
Paint the Town Red,998,0.9318637274549099,0.8131639979047905,-0.11869972955011932,0.11869972955011932
Palworld,999,0.9009009009009009,0.7898567290152668,-0.11104417188563409,0.11104417188563409
"Papers, Please",997,0.958876629889669,0.8400344636995902,-0.11884216619007881,0.11884216619007881
Party Animals,997,0.8094282848545636,0.7334079121076904,-0.07602037274687323,0.07602037274687323
Path of Exile 2,998,0.6012024048096193,0.5206295372100799,-0.08057286759953941,0.08057286759953941
Pathfinder: Kingmaker — Enhanced Plus Edition,999,0.6246246246246246,0.5735822804437533,-0.05104234418087139,0.05104234418087139
Pathfinder: Wrath of the Righteous - Enhanced Edition,999,0.7467467467467468,0.6540668009005176,-0.09267994584622918,0.09267994584622918
People Playground,1000,0.974,0.8670199967557234,-0.10698000324427659,0.10698000324427659
Persona 4 Golden,995,0.9467336683417086,0.8443000066458701,-0.10243366169583845,0.10243366169583845
Persona 5 Royal,998,0.9328657314629258,0.8234279855318454,-0.10943774593108047,0.10943774593108047
Phasmophobia,998,0.9158316633266533,0.8122344171774132,-0.10359724614924015,0.10359724614924015
Pillars of Eternity,999,0.8458458458458459,0.771473301925677,-0.0743725439201689,0.0743725439201689
Pillars of Eternity II: Deadfire,999,0.8678678678678678,0.7800138983102378,-0.08785396955763003,0.08785396955763003
Pizza Tower,999,0.9629629629629629,0.8626058210511524,-0.10035714191181055,0.10035714191181055
Plague Inc: Evolved,996,0.8845381526104418,0.7554532380362019,-0.12908491457423987,0.12908491457423987
Planet Coaster,999,0.8348348348348348,0.7579959923578022,-0.07683884247703254,0.07683884247703254
Planet Zoo,999,0.8778778778778779,0.8096378111645832,-0.06824006671329463,0.06824006671329463
Plants vs. Zombies GOTY Edition,996,0.9779116465863453,0.8517016387653157,-0.12621000782102965,0.12621000782102965
PlateUp!,1000,0.926,0.8248428506118755,-0.10115714938812459,0.10115714938812459
Portal,998,0.9779559118236473,0.8705118544481265,-0.10744405737552076,0.10744405737552076
Portal 2,999,0.978978978978979,0.8685079046329628,-0.11047107434601622,0.11047107434601622
Portal Knights,997,0.8445336008024072,0.7598672356831025,-0.0846663651193047,0.0846663651193047
PowerWash Simulator,999,0.9459459459459459,0.8500821909369003,-0.09586375500904565,0.09586375500904565
Prison Architect,998,0.7474949899799599,0.6639938696100232,-0.08350112036993673,0.08350112036993673
Project Zomboid,999,0.9099099099099099,0.7936433280289652,-0.11626658188094474,0.11626658188094474
Pummel Party,996,0.8504016064257028,0.7561131833155802,-0.09428842311012264,0.09428842311012264
Quake,997,0.9638916750250752,0.8349067825601744,-0.12898489246490086,0.12898489246490086
Quake Live,998,0.8486973947895792,0.7055003518758648,-0.14319704291371438,0.14319704291371438
Quantum Break,998,0.8206412825651302,0.7225206642725648,-0.09812061829256546,0.09812061829256546
R.E.P.O.,1000,0.945,0.849410964590371,-0.09558903540962893,0.09558903540962893
REMNANT II,996,0.7088353413654619,0.6331157272221728,-0.0757196141432891,0.0757196141432891
ROUNDS,999,0.92992992992993,0.8173305094257494,-0.11259942050418059,0.11259942050418059
RUNNING WITH RIFLES,998,0.8486973947895792,0.7386056833805238,-0.11009171140905538,0.11009171140905538
Raft,1000,0.862,0.786200416017845,-0.07579958398215503,0.07579958398215503
Rain World,999,0.9209209209209209,0.806878161974941,-0.11404275894597993,0.11404275894597993
Ravenfield,999,0.94994994994995,0.8444036836469605,-0.10554626630298947,0.10554626630298947
Ready or Not,1000,0.656,0.5675055366439758,-0.08849446335602418,0.08849446335602418
Red Dead Online,998,0.6843687374749499,0.5802393684859326,-0.10412936898901726,0.10412936898901726
Red Dead Redemption 2,1000,0.882,0.7859965320660196,-0.0960034679339804,0.0960034679339804
Red Faction: Armageddon,999,0.6146146146146146,0.49689195102575195,-0.11772266358886269,0.11772266358886269
Red Orchestra 2: Heroes of Stalingrad with Rising Storm,991,0.8577194752774975,0.7330179649613442,-0.12470151031615329,0.12470151031615329
Remnant: From the Ashes,999,0.7527527527527528,0.6706843318961604,-0.08206842085659238,0.08206842085659238
Resident Evil,996,0.892570281124498,0.769944354508385,-0.12262592661611293,0.12262592661611293
Resident Evil 2,1000,0.948,0.8442474878861229,-0.10375251211387704,0.10375251211387704
Resident Evil 3,999,0.8318318318318318,0.7053902465667516,-0.1264415852650802,0.1264415852650802
Resident Evil 4,998,0.9549098196392786,0.8606450800440412,-0.0942647395952374,0.0942647395952374
Resident Evil 4 (2005),997,0.950852557673019,0.8360140067341882,-0.11483855093883077,0.11483855093883077
Resident Evil 5,997,0.847542627883651,0.7172172963195131,-0.13032533156413784,0.13032533156413784
Resident Evil 6,999,0.6606606606606606,0.577212977678223,-0.08344768298243765,0.08344768298243765
Resident Evil 7 Biohazard,997,0.9428284854563691,0.8210363448298065,-0.12179214062656263,0.12179214062656263
Resident Evil Revelations 2,997,0.6439317953861585,0.5794590603971926,-0.06447273498896589,0.06447273498896589
Resident Evil Village,997,0.9227683049147443,0.8209418370649334,-0.10182646784981086,0.10182646784981086
Return to Castle Wolfenstein,998,0.8767535070140281,0.7615026118040285,-0.11525089520999965,0.11525089520999965
RimWorld,1000,0.951,0.8221137746766815,-0.1288862253233185,0.1288862253233185
Rise of Nations: Extended Edition,999,0.943943943943944,0.8505329391237819,-0.09341100482016207,0.09341100482016207
Rise of the Tomb Raider,999,0.9169169169169169,0.822404637606722,-0.0945122793101949,0.0945122793101949
Rising Storm 2: Vietnam,997,0.8455366098294884,0.7151390775705508,-0.13039753225893758,0.13039753225893758
Risk of Rain 2,999,0.8848848848848849,0.7724267609620489,-0.11245812392283605,0.11245812392283605
Rust,999,0.7567567567567568,0.6512692774940751,-0.10548747926268165,0.10548747926268165
Ryse: Son of Rome,1000,0.858,0.7689888230128976,-0.08901117698710237,0.08901117698710237
S.T.A.L.K.E.R. 2: Heart of Chornobyl,999,0.5665665665665666,0.4903549792210411,-0.07621158734552547,0.07621158734552547
S.T.A.L.K.E.R.: Shadow of Chernobyl,996,0.9096385542168675,0.7557263567779765,-0.15391219743889095,0.15391219743889095
SCARLET NEXUS,998,0.7434869739478958,0.658668170679897,-0.08481880326799873,0.08481880326799873
SCUM,1000,0.495,0.4564204928923593,-0.03857950710764069,0.03857950710764069
SIGNALIS,996,0.9477911646586346,0.8306250091963462,-0.11716615546228837,0.11716615546228837
SOMA,998,0.9599198396793587,0.8471988661031745,-0.11272097357618416,0.11272097357618416
SOULCALIBUR VI,999,0.7847847847847848,0.6770503923991918,-0.1077343923855929,0.1077343923855929
SPORE,998,0.8947895791583166,0.7622550806060399,-0.13253449855227672,0.13253449855227672
STAR WARS - The Force Unleashed Ultimate Sith Edition,1000,0.748,0.6511514350739801,-0.0968485649260199,0.0968485649260199
"STAR WARS Battlefront (Classic, 2004)",998,0.9569138276553106,0.832044813670915,-0.12486901398439565,0.12486901398439565
STAR WARS Battlefront II,999,0.8218218218218218,0.7052846097125471,-0.1165372121092747,0.1165372121092747
"STAR WARS Battlefront II (Classic, 2005)",1000,0.917,0.8088448093669623,-0.10815519063303769,0.10815519063303769
STAR WARS Empire at War - Gold Pack,1000,0.966,0.8916450078394624,-0.07435499216053754,0.07435499216053754
STAR WARS Jedi: Fallen Order,998,0.8066132264529058,0.7386993937654434,-0.06791383268746243,0.06791383268746243
STAR WARS Jedi: Survivor,1000,0.716,0.6141115237846276,-0.10188847621537234,0.10188847621537234
STAR WARS Knights of the Old Republic,1000,0.884,0.7978230989594726,-0.08617690104052744,0.08617690104052744
STAR WARS Knights of the Old Republic II - The Sith Lords,1000,0.904,0.8172016240035453,-0.08679837599645468,0.08679837599645468
STAR WARS Republic Commando,999,0.9329329329329329,0.8177700998144011,-0.11516283311853182,0.11516283311853182
SUPERHOT,1000,0.924,0.8218647007964542,-0.1021352992035458,0.1021352992035458
Saints Row 2,997,0.6288866599799399,0.49916396692642034,-0.12972269305351952,0.12972269305351952
Saints Row IV: Re-Elected,997,0.59679037111334,0.5283273627438724,-0.06846300836946762,0.06846300836946762
Saints Row: The Third,999,0.8558558558558559,0.7409300312773158,-0.11492582457854006,0.11492582457854006
Sanctum 2,999,0.8568568568568569,0.7737403132270391,-0.0831165436298178,0.0831165436298178
Sands of Salzaar,1000,0.669,0.582567648268396,-0.08643235173160402,0.08643235173160402
Satisfactory,998,0.969939879759519,0.8420158951761022,-0.1279239845834168,0.1279239845834168
Schedule I,998,0.8847695390781564,0.7686784208710389,-0.11609111820711748,0.11609111820711748
Scrap Mechanic,999,0.8058058058058059,0.7127524458037894,-0.09305336000201647,0.09305336000201647
Sea of Thieves: 2025 Edition,1000,0.713,0.63855960446815,-0.07444039553185,0.07444039553185
Sekiro: Shadows Die Twice - GOTY Edition,998,0.9228456913827655,0.8096018647927771,-0.11324382658998844,0.11324382658998844
Serious Sam 2,998,0.8577154308617234,0.7092319484443165,-0.14848348241740694,0.14848348241740694
Serious Sam 3: BFE,992,0.7620967741935484,0.6582735718500928,-0.10382320234345555,0.10382320234345555
Serious Sam HD: The First Encounter,992,0.8608870967741935,0.746750744842449,-0.11413635193174454,0.11413635193174454
Shadow Tactics: Blades of the Shogun,999,0.9039039039039038,0.8122166675760177,-0.09168723632788611,0.09168723632788611
Shadow Warrior,994,0.8601609657947686,0.7307138979252743,-0.12944706786949434,0.12944706786949434
Shadow Warrior 2,998,0.8056112224448898,0.6941240433318504,-0.1114871791130394,0.1114871791130394
Shadowrun Returns,997,0.8455366098294884,0.7622441436936278,-0.08329246613586061,0.08329246613586061
Sherlock Holmes: The Devil's Daughter,995,0.7618090452261307,0.6674202701732714,-0.09438877505285925,0.09438877505285925
Sid Meier's Civilization III Complete,1000,0.884,0.7838863791703307,-0.10011362082966935,0.10011362082966935
Sid Meier's Civilization V,1000,0.806,0.7161911175440134,-0.08980888245598662,0.08980888245598662
Sid Meier's Civilization: Beyond Earth,1000,0.704,0.6241648459704902,-0.0798351540295098,0.0798351540295098
Sid Meier’s Civilization VI,1000,0.792,0.6860801041271674,-0.10591989587283268,0.10591989587283268
Sins of a Solar Empire: Rebellion,996,0.9166666666666666,0.8245758495947094,-0.09209081707195721,0.09209081707195721
Skul: The Hero Slayer,997,0.8946840521564694,0.8145113255167689,-0.08017272663970054,0.08017272663970054
Skullgirls 2nd Encore,997,0.5797392176529589,0.5192725082921091,-0.060466709360849746,0.060466709360849746
Slay the Spire,999,0.9469469469469469,0.8432262580549298,-0.10372068889201713,0.10372068889201713
Sleeping Dogs: Definitive Edition,999,0.958958958958959,0.8531965138285843,-0.1057624451303747,0.1057624451303747
Slime Rancher,999,0.9719719719719719,0.8785767537454845,-0.09339521822648744,0.09339521822648744
Sniper Elite 3,995,0.7246231155778895,0.6309560924420496,-0.09366702313583986,0.09366702313583986
Sniper Elite 4,996,0.8835341365461847,0.782886759567819,-0.10064737697836579,0.10064737697836579
Sniper Elite 5,999,0.7967967967967968,0.6922344989024708,-0.10456229789432603,0.10456229789432603
Sniper: Ghost Warrior 2,995,0.6974874371859296,0.5980326567225823,-0.09945478046334733,0.09945478046334733
Sons Of The Forest,999,0.8468468468468469,0.7670413133966302,-0.07980553345021668,0.07980553345021668
Soundpad,997,0.9207622868605817,0.7692782410820513,-0.15148404577853036,0.15148404577853036
South Park: The Fractured But Whole,997,0.7723169508525577,0.6690124310789819,-0.1033045197735758,0.1033045197735758
South Park: The Stick of Truth,999,0.953953953953954,0.8478473264775559,-0.1061066274763981,0.1061066274763981
Space Engineers,1000,0.769,0.6766486899424635,-0.0923513100575365,0.0923513100575365
SpeedRunners,998,0.8997995991983968,0.7858479316856649,-0.11395166751273189,0.11395166751273189
Spelunky,997,0.880641925777332,0.7491392006460493,-0.1315027251312827,0.1315027251312827
Spiritfarer: Farewell Edition,1000,0.914,0.8365036607037191,-0.07749633929628097,0.07749633929628097
Split Fiction,1000,0.918,0.8418391200128634,-0.07616087998713661,0.07616087998713661
Spyro Reignited Trilogy,999,0.8638638638638638,0.7620709262101872,-0.10179293765367659,0.10179293765367659
Squad,1000,0.3,0.2951661837740109,-0.004833816225989107,0.004833816225989107
Squad 44,1000,0.594,0.504370741704912,-0.08962925829508794,0.08962925829508794
Starbound,1000,0.76,0.6616522120595104,-0.0983477879404896,0.0983477879404896
Stardew Valley,996,0.9809236947791165,0.8882714400466132,-0.09265225473250327,0.09265225473250327
Starfield,1000,0.512,0.4675801761386048,-0.0444198238613952,0.0444198238613952
State of Decay 2: Juggernaut Edition,997,0.7562688064192578,0.676353558091238,-0.07991524832801977,0.07991524832801977
Steep,999,0.7887887887887888,0.6894433953600698,-0.09934539342871895,0.09934539342871895
Stellaris,1000,0.673,0.5917892737586871,-0.08121072624131298,0.08121072624131298
Stick Fight: The Game,995,0.8944723618090452,0.7631489544305593,-0.1313234073784859,0.1313234073784859
Stories: The Path of Destinies,995,0.8814070351758794,0.7596000812409823,-0.12180695393489704,0.12180695393489704
Stray,996,0.9447791164658634,0.8914258515327117,-0.053353264933151734,0.053353264933151734
Street Fighter 6,997,0.7111334002006018,0.6170270548015081,-0.09410634539909368,0.09410634539909368
Street Fighter V,999,0.6896896896896897,0.5715942894222327,-0.11809540026745702,0.11809540026745702
Stronghold Crusader 2,996,0.6405622489959839,0.5649387894694813,-0.07562345952650262,0.07562345952650262
Subnautica,1000,0.939,0.8476915572183876,-0.09130844278161232,0.09130844278161232
Subnautica: Below Zero,1000,0.759,0.6542752072849978,-0.10472479271500224,0.10472479271500224
Super Meat Boy,995,0.9055276381909547,0.7636418815100617,-0.14188575668089298,0.14188575668089298
Superliminal,1000,0.911,0.7985124026694848,-0.11248759733051528,0.11248759733051528
Supermarket Simulator,1000,0.855,0.7224347847053463,-0.1325652152946537,0.1325652152946537
Surgeon Simulator,991,0.7709384460141272,0.6478957171606337,-0.12304272885349354,0.12304272885349354
Surviving Mars,1000,0.743,0.6770825018919061,-0.06591749810809389,0.06591749810809389
TCG Card Shop Simulator,1000,0.876,0.7615603916854704,-0.1144396083145296,0.1144396083145296
TEKKEN 7,993,0.8660624370594159,0.686097551379208,-0.17996488568020785,0.17996488568020785
TEKKEN 8,997,0.45536609829488467,0.4476667943099852,-0.007699303984899486,0.007699303984899486
Tabletop Simulator,997,0.9388164493480441,0.7832439300563357,-0.15557251929170834,0.15557251929170834
Tales of Arise,999,0.7477477477477478,0.6575416174123044,-0.09020613033544334,0.09020613033544334
Teardown,1000,0.904,0.7965133567038682,-0.10748664329613178,0.10748664329613178
Terraria,999,0.9369369369369369,0.8201222752712924,-0.11681466166564447,0.11681466166564447
The Ascent,998,0.6803607214428857,0.5978255913437772,-0.08253513009910851,0.08253513009910851
The Binding of Isaac,999,0.8588588588588588,0.7295531992795654,-0.1293056595792934,0.1293056595792934
The Binding of Isaac: Rebirth,999,0.9219219219219219,0.7746988936609172,-0.14722302826100475,0.14722302826100475
The Bureau: XCOM Declassified,994,0.6529175050301811,0.5519875343796077,-0.10092997065057341,0.10092997065057341
The Crew 2,998,0.6312625250501002,0.5624527606758195,-0.06880976437428066,0.06880976437428066
The Darkness II,997,0.9117352056168505,0.7982267059829666,-0.11350849963388387,0.11350849963388387
The Descendant,969,0.7533539731682146,0.6261136981308946,-0.12724027503732005,0.12724027503732005
The Elder Scrolls III: Morrowind Game of the Year Edition,999,0.9519519519519519,0.8225077111251003,-0.12944424082685158,0.12944424082685158
The Elder Scrolls IV: Oblivion Game of the Year Edition (2009),999,0.914914914914915,0.7542002533018736,-0.16071466161304138,0.16071466161304138
The Elder Scrolls IV: Oblivion Game of the Year Edition Deluxe (2009),999,0.914914914914915,0.7538562081237097,-0.16105870679120526,0.16105870679120526
The Elder Scrolls IV: Oblivion Remastered,1000,0.543,0.47204843841153754,-0.0709515615884625,0.0709515615884625
The Elder Scrolls Online,1000,0.621,0.5609415112251921,-0.060058488774807905,0.060058488774807905
The Elder Scrolls V: Skyrim,999,0.8898898898898899,0.7763405594783628,-0.11354933041152715,0.11354933041152715
The Elder Scrolls V: Skyrim Special Edition,997,0.9327983951855566,0.8138259547256129,-0.1189724404599437,0.1189724404599437
The Escapists 2,996,0.8644578313253012,0.7670314974071961,-0.09742633391810507,0.09742633391810507
The Evil Within,998,0.7705410821643287,0.662879554689787,-0.10766152747454172,0.10766152747454172
The Evil Within 2,999,0.8858858858858859,0.7668957254813488,-0.11899016040453714,0.11899016040453714
The First Berserker: Khazan,999,0.8798798798798799,0.78496132650876,-0.09491855337111987,0.09491855337111987
The Forest,998,0.9128256513026052,0.8055421620137829,-0.10728348928882225,0.10728348928882225
The Henry Stickmin Collection,998,0.9799599198396793,0.8796059488935792,-0.1003539709461001,0.1003539709461001
The I of the Dragon,265,0.6226415094339622,0.5136070488848508,-0.10903446054911148,0.10903446054911148
The LEGO NINJAGO Movie Video Game,990,0.7858585858585858,0.6783588286761383,-0.10749975718244753,0.10749975718244753
The Long Dark,1000,0.777,0.698692103081091,-0.07830789691890905,0.07830789691890905
The Long Drive,1000,0.754,0.6330681136695503,-0.12093188633044971,0.12093188633044971
The Outlast Trials,998,0.9208416833667334,0.806062628648123,-0.1147790547186105,0.1147790547186105
The Past Within,999,0.9309309309309309,0.859966717531012,-0.07096421339991899,0.07096421339991899
The Planet Crafter,1000,0.938,0.847116354509576,-0.09088364549042394,0.09088364549042394
The Red Solstice,996,0.6455823293172691,0.5655250670665943,-0.08005726225067478,0.08005726225067478
The Riftbreaker,1000,0.859,0.7602594649659218,-0.0987405350340782,0.0987405350340782
The Scroll Of Taiwu,362,0.7375690607734806,0.6244268933762971,-0.11314216739718352,0.11314216739718352
The Sims 3,1000,0.77,0.6653771273016105,-0.10462287269838955,0.10462287269838955
The Stanley Parable,998,0.8807615230460922,0.7301432667095211,-0.1506182563365711,0.1506182563365711
The Surge,998,0.7334669338677354,0.6428722941869288,-0.09059463968080661,0.09059463968080661
The Talos Principle,998,0.9128256513026052,0.8163382801883258,-0.09648737111427941,0.09648737111427941
The Tiny Bang Story,996,0.8122489959839357,0.7339783224135653,-0.07827067357037043,0.07827067357037043
The Walking Dead,995,0.9668341708542714,0.8715513027688215,-0.09528286808544983,0.09528286808544983
The Walking Dead: Season Two,1000,0.964,0.8413209862313146,-0.1226790137686854,0.1226790137686854
The Witcher 2: Assassins of Kings Enhanced Edition,997,0.8064192577733199,0.6887658772061906,-0.11765338056712926,0.11765338056712926
The Witcher 3: Wild Hunt,998,0.938877755511022,0.8497930702015338,-0.08908468530948821,0.08908468530948821
The Witcher: Enhanced Edition Director's Cut,1000,0.836,0.7328947574636357,-0.10310524253636422,0.10310524253636422
They Are Billions,1000,0.684,0.610865207550961,-0.07313479244903909,0.07313479244903909
Thief,995,0.7075376884422111,0.6122700819836379,-0.09526760645857324,0.09526760645857324
Thief Simulator,998,0.8046092184368737,0.704651837018515,-0.09995738141835875,0.09995738141835875
This War of Mine,998,0.844689378757515,0.7337202008362186,-0.11096917792129646,0.11096917792129646
Tiny Tina's Wonderlands,1000,0.469,0.4276765129803084,-0.041323487019691574,0.041323487019691574
Titan Quest Anniversary Edition,997,0.7963891675025075,0.714408402467823,-0.08198076503468454,0.08198076503468454
Titanfall 2,999,0.9479479479479479,0.8343540337124592,-0.1135939142354887,0.1135939142354887
To the Moon,999,0.928928928928929,0.8240644637099352,-0.10486446521899373,0.10486446521899373
Tom Clancy's Ghost Recon Wildlands,999,0.6136136136136137,0.5367023858347557,-0.07691122777885795,0.07691122777885795
Tom Clancy's Rainbow Six Siege,999,0.6206206206206206,0.5512494455981836,-0.06937117502243706,0.06937117502243706
Tom Clancy’s Splinter Cell Blacklist,997,0.5877632898696088,0.46097242217145507,-0.12679086769815373,0.12679086769815373
Tom Clancy’s The Division,1000,0.793,0.6855027005158814,-0.10749729948411868,0.10749729948411868
Tomb Raider,998,0.9238476953907816,0.8358663226061073,-0.08798137278467433,0.08798137278467433
Torchlight,999,0.8468468468468469,0.7545498770607487,-0.09229696978609814,0.09229696978609814
Torchlight II,998,0.8577154308617234,0.7604330802299373,-0.09728235063178614,0.09728235063178614
Total War: ATTILA,999,0.7617617617617618,0.673042296616849,-0.0887194651449128,0.0887194651449128
Total War: EMPIRE – Definitive Edition,1000,0.856,0.7614276209687798,-0.09457237903122018,0.09457237903122018
Total War: MEDIEVAL II – Definitive Edition,999,0.9209209209209209,0.8240560762564018,-0.09686484466451917,0.09686484466451917
Total War: NAPOLEON – Definitive Edition,998,0.8977955911823647,0.799661160583668,-0.09813443059869675,0.09813443059869675
Total War: ROME II - Emperor Edition,1000,0.837,0.7491382286558502,-0.08786177134414974,0.08786177134414974
Total War: SHOGUN 2,1996,0.8792585170340681,0.7896303026768732,-0.08962821435719492,0.08962821435719492
Total War: THREE KINGDOMS,999,0.7577577577577578,0.6710807585422627,-0.0866769992154951,0.0866769992154951
Total War: WARHAMMER,995,0.6432160804020101,0.5975706793717331,-0.04564540103027692,0.04564540103027692
Total War: WARHAMMER II,999,0.7787787787787788,0.6903342483501054,-0.0884445304286734,0.0884445304286734
Total War: WARHAMMER III,999,0.7677677677677678,0.6767776085554206,-0.09099015921234721,0.09099015921234721
Totally Accurate Battle Simulator,1000,0.963,0.8522682163587655,-0.11073178364123448,0.11073178364123448
Town of Salem,998,0.6813627254509018,0.6037069232856509,-0.07765580216525092,0.07765580216525092
Trailmakers,1000,0.791,0.7044941611628629,-0.08650583883713714,0.08650583883713714
Train Simulator Classic 2024,999,0.7307307307307307,0.6481748380698118,-0.0825558926609189,0.0825558926609189
Transistor,1000,0.883,0.8178132530167975,-0.06518674698320248,0.06518674698320248
Transport Fever,999,0.8058058058058059,0.7136902972350225,-0.09211550857078332,0.09211550857078332
Tribes of Midgard,997,0.6449348044132397,0.578059465962914,-0.06687533845032567,0.06687533845032567
Trine 2: Complete Story,998,0.8987975951903807,0.8205269148885466,-0.07827068030183415,0.07827068030183415
Trine Enchanted Edition,996,0.9206827309236948,0.8284047080425089,-0.09227802288118592,0.09227802288118592
Tropico 4,998,0.8987975951903807,0.7882143882340834,-0.11058320695629731,0.11058320695629731
Tropico 5,998,0.7715430861723447,0.696654581023652,-0.07488850514869272,0.07488850514869272
Tropico 6,999,0.8158158158158159,0.7328068448740935,-0.08300897094172233,0.08300897094172233
Two Point Hospital,1000,0.9,0.8089239155381716,-0.09107608446182847,0.09107608446182847
ULTRAKILL,998,0.9739478957915831,0.8267006401927214,-0.14724725559886176,0.14724725559886176
UNO,997,0.4934804413239719,0.40430907189186466,-0.08917136943210724,0.08917136943210724
Ultimate Chicken Horse,1000,0.959,0.8400342301185005,-0.11896576988149943,0.11896576988149943
Undertale,996,0.9417670682730924,0.8397745800925478,-0.10199248818054463,0.10199248818054463
Unheard - Voices of Crime,1000,0.883,0.7955200239895504,-0.08747997601044966,0.08747997601044966
Unrailed!,999,0.9109109109109109,0.7985127979241832,-0.11239811298672775,0.11239811298672775
Untitled Goose Game,997,0.9578736208625878,0.8668724145936626,-0.09100120626892516,0.09100120626892516
V Rising,1000,0.836,0.7527223629356163,-0.08327763706438363,0.08327763706438363
Valheim,1000,0.852,0.7767962442265987,-0.07520375577340133,0.07520375577340133
Vampire Survivors,1000,0.952,0.8237367841496893,-0.12826321585031064,0.12826321585031064
Verdun,998,0.8637274549098196,0.7456985217828902,-0.11802893312692941,0.11802893312692941
Victoria 3,1000,0.698,0.5744730397009565,-0.12352696029904342,0.12352696029904342
Viscera Cleanup Detail,998,0.8046092184368737,0.6938656611739178,-0.11074355726295593,0.11074355726295593
WEBFISHING,999,0.9269269269269269,0.8268093849367174,-0.1001175419902095,0.1001175419902095
Wallpaper Engine,997,0.958876629889669,0.8440195254970111,-0.11485710439265795,0.11485710439265795
Wargame: Red Dragon,999,0.7897897897897898,0.6928384639311641,-0.09695132585862565,0.09695132585862565
"Warhammer 40,000: Chaos Gate - Daemonhunters",1000,0.677,0.5921761387034984,-0.08482386129650166,0.08482386129650166
"Warhammer 40,000: Darktide",998,0.7244488977955912,0.6521023528239712,-0.07234654497161996,0.07234654497161996
"Warhammer 40,000: Dawn of War - Anniversary Edition",998,0.8857715430861723,0.7746517510838735,-0.11111979200229882,0.11111979200229882
"Warhammer 40,000: Dawn of War II - Anniversary Edition",998,0.750501002004008,0.6575331862974186,-0.09296781570658941,0.09296781570658941
"Warhammer 40,000: Dawn of War III",1000,0.504,0.43872104661388206,-0.06527895338611794,0.06527895338611794
"Warhammer 40,000: Inquisitor - Martyr",999,0.7877877877877878,0.7004223060755115,-0.08736548171227632,0.08736548171227632
"Warhammer 40,000: Rogue Trader",999,0.8808808808808809,0.7706522354609462,-0.11022864541993471,0.11022864541993471
"Warhammer 40,000: Space Marine - Anniversary Edition",998,0.8557114228456913,0.7375660759810143,-0.11814534686467704,0.11814534686467704
"Warhammer 40,000: Space Marine 2",1000,0.625,0.5566144489710713,-0.06838555102892874,0.06838555102892874
Warhammer: Vermintide 2,998,0.8246492985971944,0.7220449697683596,-0.10260432882883475,0.10260432882883475
Watch_Dogs,998,0.8086172344689379,0.6736245545849586,-0.13499267988397923,0.13499267988397923
Watch_Dogs 2,996,0.7259036144578314,0.6344079375406936,-0.09149567691713778,0.09149567691713778
Who's Your Daddy?!,1000,0.717,0.6439898972801075,-0.0730101027198925,0.0730101027198925
Wobbly Life,999,0.963963963963964,0.8737734280149361,-0.09019053594902793,0.09019053594902793
Wolcen: Lords of Mayhem,1000,0.484,0.4148480927246475,-0.06915190727535248,0.06915190727535248
Wolfenstein II: The New Colossus,998,0.7535070140280561,0.6590049253706914,-0.09450208865736465,0.09450208865736465
Wolfenstein: The New Order,999,0.9049049049049049,0.7971839001056285,-0.10772100479927649,0.10772100479927649
Wolfenstein: Youngblood,999,0.34734734734734735,0.34120951250935067,-0.006137834837996681,0.006137834837996681
Woodle Tree Adventures,999,0.6346346346346347,0.5469461572231235,-0.0876884774115112,0.0876884774115112
World War Z,998,0.7835671342685371,0.677522511698568,-0.10604462256996905,0.10604462256996905
Wreckfest,998,0.8416833667334669,0.7525790762922919,-0.08910429044117496,0.08910429044117496
X4: Foundations,1000,0.737,0.6246209162913368,-0.11237908370866323,0.11237908370866323
XCOM 2,998,0.7254509018036072,0.6356550549352464,-0.08979584686836073,0.08979584686836073
XCOM: Enemy Unknown,998,0.593186372745491,0.5155481788602678,-0.0776381938852232,0.0776381938852232
Yakuza 0,997,0.9568706118355065,0.8386771141468664,-0.11819349768864007,0.11819349768864007
theHunter: Call of the Wild,1000,0.869,0.7853644904887438,-0.0836355095112562,0.0836355095112562
暖雪 Warm Snow,813,0.9175891758917589,0.814742708139508,-0.10284646775225093,0.10284646775225093
鬼谷八荒 Tale of Immortal,999,0.7867867867867868,0.6447895316515659,-0.14199725513522088,0.14199725513522088
